id,title,file_path
1177923,Merlo,data/audio_files/Merlo_1177923.mp3
1177717,Merlo,data/audio_files/Merlo_1177717.mp3
1177549,Merlo,data/audio_files/Merlo_1177549.mp3
1177393,Merlo,data/audio_files/Merlo_1177393.mp3
1176191,Merlo,data/audio_files/Merlo_1176191.mp3
1176189,Merlo,data/audio_files/Merlo_1176189.mp3
1176188,Merlo,data/audio_files/Merlo_1176188.mp3
1175964,Merlo,data/audio_files/Merlo_1175964.mp3
1175963,Merlo,data/audio_files/Merlo_1175963.mp3
1175419,Merlo,data/audio_files/Merlo_1175419.mp3
1175418,Merlo,data/audio_files/Merlo_1175418.mp3
1169928,Merlo,data/audio_files/Merlo_1169928.mp3
1166885,Merlo,data/audio_files/Merlo_1166885.mp3
1166842,Merlo,data/audio_files/Merlo_1166842.mp3
1166831,Merlo,data/audio_files/Merlo_1166831.mp3
1165101,Merlo,data/audio_files/Merlo_1165101.mp3
1164192,Merlo,data/audio_files/Merlo_1164192.mp3
1163364,Merlo,data/audio_files/Merlo_1163364.mp3
1156705,Merlo,data/audio_files/Merlo_1156705.mp3
1156704,Merlo,data/audio_files/Merlo_1156704.mp3
1156522,Merlo,data/audio_files/Merlo_1156522.mp3
1156518,Merlo,data/audio_files/Merlo_1156518.mp3
1156517,Merlo,data/audio_files/Merlo_1156517.mp3
1156515,Merlo,data/audio_files/Merlo_1156515.mp3
1156194,Merlo,data/audio_files/Merlo_1156194.mp3
1156193,Merlo,data/audio_files/Merlo_1156193.mp3
1156057,Merlo,data/audio_files/Merlo_1156057.mp3
1155924,Merlo,data/audio_files/Merlo_1155924.mp3
1155920,Merlo,data/audio_files/Merlo_1155920.mp3
1155814,Merlo,data/audio_files/Merlo_1155814.mp3
1155757,Merlo,data/audio_files/Merlo_1155757.mp3
1155752,Merlo,data/audio_files/Merlo_1155752.mp3
1155359,Merlo,data/audio_files/Merlo_1155359.mp3
1155358,Merlo,data/audio_files/Merlo_1155358.mp3
1155352,Merlo,data/audio_files/Merlo_1155352.mp3
1153210,Merlo,data/audio_files/Merlo_1153210.mp3
1152307,Merlo,data/audio_files/Merlo_1152307.mp3
1152301,Merlo,data/audio_files/Merlo_1152301.mp3
1151731,Merlo,data/audio_files/Merlo_1151731.mp3
1151598,Merlo,data/audio_files/Merlo_1151598.mp3
1151210,Merlo,data/audio_files/Merlo_1151210.mp3
1151206,Merlo,data/audio_files/Merlo_1151206.mp3
1151203,Merlo,data/audio_files/Merlo_1151203.mp3
1150997,Merlo,data/audio_files/Merlo_1150997.mp3
1150978,Merlo,data/audio_files/Merlo_1150978.mp3
1150794,Merlo,data/audio_files/Merlo_1150794.mp3
1150187,Merlo,data/audio_files/Merlo_1150187.mp3
1148800,Merlo,data/audio_files/Merlo_1148800.mp3
1148745,Merlo,data/audio_files/Merlo_1148745.mp3
1148720,Merlo,data/audio_files/Merlo_1148720.mp3
1177653,Cinciallegra,data/audio_files/Cinciallegra_1177653.mp3
1167229,Cinciallegra,data/audio_files/Cinciallegra_1167229.mp3
1167218,Cinciallegra,data/audio_files/Cinciallegra_1167218.mp3
1167213,Cinciallegra,data/audio_files/Cinciallegra_1167213.mp3
1167212,Cinciallegra,data/audio_files/Cinciallegra_1167212.mp3
1167209,Cinciallegra,data/audio_files/Cinciallegra_1167209.mp3
1167063,Cinciallegra,data/audio_files/Cinciallegra_1167063.mp3
1167062,Cinciallegra,data/audio_files/Cinciallegra_1167062.mp3
1163562,Cinciallegra,data/audio_files/Cinciallegra_1163562.mp3
1155812,Cinciallegra,data/audio_files/Cinciallegra_1155812.mp3
1152620,Cinciallegra,data/audio_files/Cinciallegra_1152620.mp3
1152300,Cinciallegra,data/audio_files/Cinciallegra_1152300.mp3
1152246,Cinciallegra,data/audio_files/Cinciallegra_1152246.mp3
1151595,Cinciallegra,data/audio_files/Cinciallegra_1151595.mp3
1141953,Cinciallegra,data/audio_files/Cinciallegra_1141953.mp3
1141773,Cinciallegra,data/audio_files/Cinciallegra_1141773.mp3
1137711,Cinciallegra,data/audio_files/Cinciallegra_1137711.mp3
1137640,Cinciallegra,data/audio_files/Cinciallegra_1137640.mp3
1137520,Cinciallegra,data/audio_files/Cinciallegra_1137520.mp3
1106174,Cinciallegra,data/audio_files/Cinciallegra_1106174.mp3
1106173,Cinciallegra,data/audio_files/Cinciallegra_1106173.mp3
1104350,Cinciallegra,data/audio_files/Cinciallegra_1104350.mp3
1103687,Cinciallegra,data/audio_files/Cinciallegra_1103687.mp3
1101755,Cinciallegra,data/audio_files/Cinciallegra_1101755.mp3
1101435,Cinciallegra,data/audio_files/Cinciallegra_1101435.mp3
1101229,Cinciallegra,data/audio_files/Cinciallegra_1101229.mp3
1100272,Cinciallegra,data/audio_files/Cinciallegra_1100272.mp3
1100198,Cinciallegra,data/audio_files/Cinciallegra_1100198.mp3
1096000,Cinciallegra,data/audio_files/Cinciallegra_1096000.mp3
1095855,Cinciallegra,data/audio_files/Cinciallegra_1095855.mp3
1094592,Cinciallegra,data/audio_files/Cinciallegra_1094592.mp3
1094420,Cinciallegra,data/audio_files/Cinciallegra_1094420.mp3
1093596,Cinciallegra,data/audio_files/Cinciallegra_1093596.mp3
1093595,Cinciallegra,data/audio_files/Cinciallegra_1093595.mp3
1092854,Cinciallegra,data/audio_files/Cinciallegra_1092854.mp3
1092504,Cinciallegra,data/audio_files/Cinciallegra_1092504.mp3
1092333,Cinciallegra,data/audio_files/Cinciallegra_1092333.mp3
1092231,Cinciallegra,data/audio_files/Cinciallegra_1092231.mp3
1091987,Cinciallegra,data/audio_files/Cinciallegra_1091987.mp3
1091980,Cinciallegra,data/audio_files/Cinciallegra_1091980.mp3
1091255,Cinciallegra,data/audio_files/Cinciallegra_1091255.mp3
1088904,Cinciallegra,data/audio_files/Cinciallegra_1088904.mp3
1088818,Cinciallegra,data/audio_files/Cinciallegra_1088818.mp3
1088490,Cinciallegra,data/audio_files/Cinciallegra_1088490.mp3
1088487,Cinciallegra,data/audio_files/Cinciallegra_1088487.mp3
1087991,Cinciallegra,data/audio_files/Cinciallegra_1087991.mp3
1087598,Cinciallegra,data/audio_files/Cinciallegra_1087598.mp3
1087531,Cinciallegra,data/audio_files/Cinciallegra_1087531.mp3
1087530,Cinciallegra,data/audio_files/Cinciallegra_1087530.mp3
1087377,Cinciallegra,data/audio_files/Cinciallegra_1087377.mp3
1177326,Tortora,data/audio_files/Tortora_1177326.mp3
1142928,Tortora,data/audio_files/Tortora_1142928.mp3
1062731,Tortora,data/audio_files/Tortora_1062731.mp3
1015095,Tortora,data/audio_files/Tortora_1015095.mp3
1015094,Tortora,data/audio_files/Tortora_1015094.mp3
990767,Tortora,data/audio_files/Tortora_990767.mp3
957253,Tortora,data/audio_files/Tortora_957253.mp3
951676,Tortora,data/audio_files/Tortora_951676.mp3
918601,Tortora,data/audio_files/Tortora_918601.mp3
891811,Tortora,data/audio_files/Tortora_891811.mp3
890276,Tortora,data/audio_files/Tortora_890276.mp3
840250,Tortora,data/audio_files/Tortora_840250.mp3
800788,Tortora,data/audio_files/Tortora_800788.mp3
798360,Tortora,data/audio_files/Tortora_798360.mp3
735062,Tortora,data/audio_files/Tortora_735062.mp3
726673,Tortora,data/audio_files/Tortora_726673.mp3
726672,Tortora,data/audio_files/Tortora_726672.mp3
726671,Tortora,data/audio_files/Tortora_726671.mp3
665069,Tortora,data/audio_files/Tortora_665069.mp3
659769,Tortora,data/audio_files/Tortora_659769.mp3
659767,Tortora,data/audio_files/Tortora_659767.mp3
654879,Tortora,data/audio_files/Tortora_654879.mp3
637562,Tortora,data/audio_files/Tortora_637562.mp3
635436,Tortora,data/audio_files/Tortora_635436.mp3
621403,Tortora,data/audio_files/Tortora_621403.mp3
597050,Tortora,data/audio_files/Tortora_597050.mp3
592917,Tortora,data/audio_files/Tortora_592917.mp3
518421,Tortora,data/audio_files/Tortora_518421.mp3
487383,Tortora,data/audio_files/Tortora_487383.mp3
460273,Tortora,data/audio_files/Tortora_460273.mp3
420573,Tortora,data/audio_files/Tortora_420573.mp3
379502,Tortora,data/audio_files/Tortora_379502.mp3
378736,Tortora,data/audio_files/Tortora_378736.mp3
371905,Tortora,data/audio_files/Tortora_371905.mp3
366103,Tortora,data/audio_files/Tortora_366103.mp3
357560,Tortora,data/audio_files/Tortora_357560.mp3
357559,Tortora,data/audio_files/Tortora_357559.mp3
148871,Tortora,data/audio_files/Tortora_148871.mp3
148870,Tortora,data/audio_files/Tortora_148870.mp3
145644,Tortora,data/audio_files/Tortora_145644.mp3
103255,Tortora,data/audio_files/Tortora_103255.mp3
101941,Tortora,data/audio_files/Tortora_101941.mp3
1177995,Pettirosso,data/audio_files/Pettirosso_1177995.mp3
1177734,Pettirosso,data/audio_files/Pettirosso_1177734.mp3
1177733,Pettirosso,data/audio_files/Pettirosso_1177733.mp3
1176620,Pettirosso,data/audio_files/Pettirosso_1176620.mp3
1176594,Pettirosso,data/audio_files/Pettirosso_1176594.mp3
1176585,Pettirosso,data/audio_files/Pettirosso_1176585.mp3
1176509,Pettirosso,data/audio_files/Pettirosso_1176509.mp3
1165259,Pettirosso,data/audio_files/Pettirosso_1165259.mp3
1165146,Pettirosso,data/audio_files/Pettirosso_1165146.mp3
1156419,Pettirosso,data/audio_files/Pettirosso_1156419.mp3
1153789,Pettirosso,data/audio_files/Pettirosso_1153789.mp3
1152453,Pettirosso,data/audio_files/Pettirosso_1152453.mp3
1151404,Pettirosso,data/audio_files/Pettirosso_1151404.mp3
1150191,Pettirosso,data/audio_files/Pettirosso_1150191.mp3
1146152,Pettirosso,data/audio_files/Pettirosso_1146152.mp3
1145251,Pettirosso,data/audio_files/Pettirosso_1145251.mp3
1144826,Pettirosso,data/audio_files/Pettirosso_1144826.mp3
1142749,Pettirosso,data/audio_files/Pettirosso_1142749.mp3
1142748,Pettirosso,data/audio_files/Pettirosso_1142748.mp3
1142571,Pettirosso,data/audio_files/Pettirosso_1142571.mp3
1142082,Pettirosso,data/audio_files/Pettirosso_1142082.mp3
1141104,Pettirosso,data/audio_files/Pettirosso_1141104.mp3
1141100,Pettirosso,data/audio_files/Pettirosso_1141100.mp3
1141058,Pettirosso,data/audio_files/Pettirosso_1141058.mp3
1140292,Pettirosso,data/audio_files/Pettirosso_1140292.mp3
1139456,Pettirosso,data/audio_files/Pettirosso_1139456.mp3
1139455,Pettirosso,data/audio_files/Pettirosso_1139455.mp3
1139453,Pettirosso,data/audio_files/Pettirosso_1139453.mp3
1138579,Pettirosso,data/audio_files/Pettirosso_1138579.mp3
1138012,Pettirosso,data/audio_files/Pettirosso_1138012.mp3
1137570,Pettirosso,data/audio_files/Pettirosso_1137570.mp3
1136788,Pettirosso,data/audio_files/Pettirosso_1136788.mp3
1133793,Pettirosso,data/audio_files/Pettirosso_1133793.mp3
1133791,Pettirosso,data/audio_files/Pettirosso_1133791.mp3
1132727,Pettirosso,data/audio_files/Pettirosso_1132727.mp3
1110152,Pettirosso,data/audio_files/Pettirosso_1110152.mp3
1107234,Pettirosso,data/audio_files/Pettirosso_1107234.mp3
1106341,Pettirosso,data/audio_files/Pettirosso_1106341.mp3
1105745,Pettirosso,data/audio_files/Pettirosso_1105745.mp3
1105694,Pettirosso,data/audio_files/Pettirosso_1105694.mp3
1105693,Pettirosso,data/audio_files/Pettirosso_1105693.mp3
1105531,Pettirosso,data/audio_files/Pettirosso_1105531.mp3
1105530,Pettirosso,data/audio_files/Pettirosso_1105530.mp3
1105416,Pettirosso,data/audio_files/Pettirosso_1105416.mp3
1105322,Pettirosso,data/audio_files/Pettirosso_1105322.mp3
1104638,Pettirosso,data/audio_files/Pettirosso_1104638.mp3
1104628,Pettirosso,data/audio_files/Pettirosso_1104628.mp3
1101232,Pettirosso,data/audio_files/Pettirosso_1101232.mp3
1099323,Pettirosso,data/audio_files/Pettirosso_1099323.mp3
1099194,Pettirosso,data/audio_files/Pettirosso_1099194.mp3
1167219,Fringuello,data/audio_files/Fringuello_1167219.mp3
1167182,Fringuello,data/audio_files/Fringuello_1167182.mp3
1167181,Fringuello,data/audio_files/Fringuello_1167181.mp3
1167065,Fringuello,data/audio_files/Fringuello_1167065.mp3
1163567,Fringuello,data/audio_files/Fringuello_1163567.mp3
1156200,Fringuello,data/audio_files/Fringuello_1156200.mp3
1156198,Fringuello,data/audio_files/Fringuello_1156198.mp3
1156197,Fringuello,data/audio_files/Fringuello_1156197.mp3
1152733,Fringuello,data/audio_files/Fringuello_1152733.mp3
1152618,Fringuello,data/audio_files/Fringuello_1152618.mp3
1152309,Fringuello,data/audio_files/Fringuello_1152309.mp3
1152306,Fringuello,data/audio_files/Fringuello_1152306.mp3
1152297,Fringuello,data/audio_files/Fringuello_1152297.mp3
1152296,Fringuello,data/audio_files/Fringuello_1152296.mp3
1152295,Fringuello,data/audio_files/Fringuello_1152295.mp3
1152195,Fringuello,data/audio_files/Fringuello_1152195.mp3
1151736,Fringuello,data/audio_files/Fringuello_1151736.mp3
1151574,Fringuello,data/audio_files/Fringuello_1151574.mp3
1151558,Fringuello,data/audio_files/Fringuello_1151558.mp3
1151406,Fringuello,data/audio_files/Fringuello_1151406.mp3
1150193,Fringuello,data/audio_files/Fringuello_1150193.mp3
1149298,Fringuello,data/audio_files/Fringuello_1149298.mp3
1148715,Fringuello,data/audio_files/Fringuello_1148715.mp3
1146147,Fringuello,data/audio_files/Fringuello_1146147.mp3
1146145,Fringuello,data/audio_files/Fringuello_1146145.mp3
1145357,Fringuello,data/audio_files/Fringuello_1145357.mp3
1145353,Fringuello,data/audio_files/Fringuello_1145353.mp3
1145351,Fringuello,data/audio_files/Fringuello_1145351.mp3
1145346,Fringuello,data/audio_files/Fringuello_1145346.mp3
1145042,Fringuello,data/audio_files/Fringuello_1145042.mp3
1144825,Fringuello,data/audio_files/Fringuello_1144825.mp3
1144779,Fringuello,data/audio_files/Fringuello_1144779.mp3
1140339,Fringuello,data/audio_files/Fringuello_1140339.mp3
1140338,Fringuello,data/audio_files/Fringuello_1140338.mp3
1138891,Fringuello,data/audio_files/Fringuello_1138891.mp3
1138259,Fringuello,data/audio_files/Fringuello_1138259.mp3
1135886,Fringuello,data/audio_files/Fringuello_1135886.mp3
1135135,Fringuello,data/audio_files/Fringuello_1135135.mp3
1134862,Fringuello,data/audio_files/Fringuello_1134862.mp3
1134861,Fringuello,data/audio_files/Fringuello_1134861.mp3
1134469,Fringuello,data/audio_files/Fringuello_1134469.mp3
1134468,Fringuello,data/audio_files/Fringuello_1134468.mp3
1134407,Fringuello,data/audio_files/Fringuello_1134407.mp3
1133887,Fringuello,data/audio_files/Fringuello_1133887.mp3
1133795,Fringuello,data/audio_files/Fringuello_1133795.mp3
1107251,Fringuello,data/audio_files/Fringuello_1107251.mp3
1106637,Fringuello,data/audio_files/Fringuello_1106637.mp3
1105935,Fringuello,data/audio_files/Fringuello_1105935.mp3
1105911,Fringuello,data/audio_files/Fringuello_1105911.mp3
1105658,Fringuello,data/audio_files/Fringuello_1105658.mp3
1177707,Capinera,data/audio_files/Capinera_1177707.mp3
1177705,Capinera,data/audio_files/Capinera_1177705.mp3
1174359,Capinera,data/audio_files/Capinera_1174359.mp3
1174358,Capinera,data/audio_files/Capinera_1174358.mp3
1174356,Capinera,data/audio_files/Capinera_1174356.mp3
1174350,Capinera,data/audio_files/Capinera_1174350.mp3
1174342,Capinera,data/audio_files/Capinera_1174342.mp3
1174274,Capinera,data/audio_files/Capinera_1174274.mp3
1174273,Capinera,data/audio_files/Capinera_1174273.mp3
1166877,Capinera,data/audio_files/Capinera_1166877.mp3
1156512,Capinera,data/audio_files/Capinera_1156512.mp3
1155470,Capinera,data/audio_files/Capinera_1155470.mp3
1155453,Capinera,data/audio_files/Capinera_1155453.mp3
1155452,Capinera,data/audio_files/Capinera_1155452.mp3
1155451,Capinera,data/audio_files/Capinera_1155451.mp3
1154409,Capinera,data/audio_files/Capinera_1154409.mp3
1154338,Capinera,data/audio_files/Capinera_1154338.mp3
1153795,Capinera,data/audio_files/Capinera_1153795.mp3
1153530,Capinera,data/audio_files/Capinera_1153530.mp3
1153448,Capinera,data/audio_files/Capinera_1153448.mp3
1152737,Capinera,data/audio_files/Capinera_1152737.mp3
1152201,Capinera,data/audio_files/Capinera_1152201.mp3
1151394,Capinera,data/audio_files/Capinera_1151394.mp3
1150821,Capinera,data/audio_files/Capinera_1150821.mp3
1150819,Capinera,data/audio_files/Capinera_1150819.mp3
1149830,Capinera,data/audio_files/Capinera_1149830.mp3
1148636,Capinera,data/audio_files/Capinera_1148636.mp3
1148634,Capinera,data/audio_files/Capinera_1148634.mp3
1146142,Capinera,data/audio_files/Capinera_1146142.mp3
1146130,Capinera,data/audio_files/Capinera_1146130.mp3
1145596,Capinera,data/audio_files/Capinera_1145596.mp3
1145594,Capinera,data/audio_files/Capinera_1145594.mp3
1145405,Capinera,data/audio_files/Capinera_1145405.mp3
1145135,Capinera,data/audio_files/Capinera_1145135.mp3
1144782,Capinera,data/audio_files/Capinera_1144782.mp3
1143464,Capinera,data/audio_files/Capinera_1143464.mp3
1143035,Capinera,data/audio_files/Capinera_1143035.mp3
1142637,Capinera,data/audio_files/Capinera_1142637.mp3
1141119,Capinera,data/audio_files/Capinera_1141119.mp3
1140334,Capinera,data/audio_files/Capinera_1140334.mp3
1139433,Capinera,data/audio_files/Capinera_1139433.mp3
1136927,Capinera,data/audio_files/Capinera_1136927.mp3
1136660,Capinera,data/audio_files/Capinera_1136660.mp3
1135290,Capinera,data/audio_files/Capinera_1135290.mp3
1134395,Capinera,data/audio_files/Capinera_1134395.mp3
1133870,Capinera,data/audio_files/Capinera_1133870.mp3
1133808,Capinera,data/audio_files/Capinera_1133808.mp3
1133258,Capinera,data/audio_files/Capinera_1133258.mp3
1133246,Capinera,data/audio_files/Capinera_1133246.mp3
1120100,Capinera,data/audio_files/Capinera_1120100.mp3
1156770,Cardellino,data/audio_files/Cardellino_1156770.mp3
1156318,Cardellino,data/audio_files/Cardellino_1156318.mp3
1151089,Cardellino,data/audio_files/Cardellino_1151089.mp3
1145458,Cardellino,data/audio_files/Cardellino_1145458.mp3
1145343,Cardellino,data/audio_files/Cardellino_1145343.mp3
1138888,Cardellino,data/audio_files/Cardellino_1138888.mp3
1135134,Cardellino,data/audio_files/Cardellino_1135134.mp3
1107560,Cardellino,data/audio_files/Cardellino_1107560.mp3
1105306,Cardellino,data/audio_files/Cardellino_1105306.mp3
1100881,Cardellino,data/audio_files/Cardellino_1100881.mp3
1085742,Cardellino,data/audio_files/Cardellino_1085742.mp3
1063754,Cardellino,data/audio_files/Cardellino_1063754.mp3
1052341,Cardellino,data/audio_files/Cardellino_1052341.mp3
1029391,Cardellino,data/audio_files/Cardellino_1029391.mp3
1007386,Cardellino,data/audio_files/Cardellino_1007386.mp3
1007384,Cardellino,data/audio_files/Cardellino_1007384.mp3
945796,Cardellino,data/audio_files/Cardellino_945796.mp3
945795,Cardellino,data/audio_files/Cardellino_945795.mp3
943251,Cardellino,data/audio_files/Cardellino_943251.mp3
883327,Cardellino,data/audio_files/Cardellino_883327.mp3
881381,Cardellino,data/audio_files/Cardellino_881381.mp3
878546,Cardellino,data/audio_files/Cardellino_878546.mp3
859718,Cardellino,data/audio_files/Cardellino_859718.mp3
819266,Cardellino,data/audio_files/Cardellino_819266.mp3
819034,Cardellino,data/audio_files/Cardellino_819034.mp3
811560,Cardellino,data/audio_files/Cardellino_811560.mp3
810580,Cardellino,data/audio_files/Cardellino_810580.mp3
800628,Cardellino,data/audio_files/Cardellino_800628.mp3
798439,Cardellino,data/audio_files/Cardellino_798439.mp3
798436,Cardellino,data/audio_files/Cardellino_798436.mp3
797484,Cardellino,data/audio_files/Cardellino_797484.mp3
790318,Cardellino,data/audio_files/Cardellino_790318.mp3
790315,Cardellino,data/audio_files/Cardellino_790315.mp3
776847,Cardellino,data/audio_files/Cardellino_776847.mp3
747847,Cardellino,data/audio_files/Cardellino_747847.mp3
736149,Cardellino,data/audio_files/Cardellino_736149.mp3
723280,Cardellino,data/audio_files/Cardellino_723280.mp3
722555,Cardellino,data/audio_files/Cardellino_722555.mp3
720828,Cardellino,data/audio_files/Cardellino_720828.mp3
712216,Cardellino,data/audio_files/Cardellino_712216.mp3
707459,Cardellino,data/audio_files/Cardellino_707459.mp3
703979,Cardellino,data/audio_files/Cardellino_703979.mp3
703977,Cardellino,data/audio_files/Cardellino_703977.mp3
702143,Cardellino,data/audio_files/Cardellino_702143.mp3
700803,Cardellino,data/audio_files/Cardellino_700803.mp3
699882,Cardellino,data/audio_files/Cardellino_699882.mp3
698214,Cardellino,data/audio_files/Cardellino_698214.mp3
690694,Cardellino,data/audio_files/Cardellino_690694.mp3
690450,Cardellino,data/audio_files/Cardellino_690450.mp3
685910,Cardellino,data/audio_files/Cardellino_685910.mp3
1178108,Usignolo,data/audio_files/Usignolo_1178108.mp3
1177758,Usignolo,data/audio_files/Usignolo_1177758.mp3
1167049,Usignolo,data/audio_files/Usignolo_1167049.mp3
1167044,Usignolo,data/audio_files/Usignolo_1167044.mp3
1165114,Usignolo,data/audio_files/Usignolo_1165114.mp3
1158301,Usignolo,data/audio_files/Usignolo_1158301.mp3
1157837,Usignolo,data/audio_files/Usignolo_1157837.mp3
1157689,Usignolo,data/audio_files/Usignolo_1157689.mp3
1156443,Usignolo,data/audio_files/Usignolo_1156443.mp3
1156441,Usignolo,data/audio_files/Usignolo_1156441.mp3
1154133,Usignolo,data/audio_files/Usignolo_1154133.mp3
1154077,Usignolo,data/audio_files/Usignolo_1154077.mp3
1151833,Usignolo,data/audio_files/Usignolo_1151833.mp3
1151832,Usignolo,data/audio_files/Usignolo_1151832.mp3
1150871,Usignolo,data/audio_files/Usignolo_1150871.mp3
1146998,Usignolo,data/audio_files/Usignolo_1146998.mp3
1146834,Usignolo,data/audio_files/Usignolo_1146834.mp3
1144987,Usignolo,data/audio_files/Usignolo_1144987.mp3
1142635,Usignolo,data/audio_files/Usignolo_1142635.mp3
1142632,Usignolo,data/audio_files/Usignolo_1142632.mp3
1142630,Usignolo,data/audio_files/Usignolo_1142630.mp3
1142090,Usignolo,data/audio_files/Usignolo_1142090.mp3
1141702,Usignolo,data/audio_files/Usignolo_1141702.mp3
1141692,Usignolo,data/audio_files/Usignolo_1141692.mp3
1141465,Usignolo,data/audio_files/Usignolo_1141465.mp3
1141464,Usignolo,data/audio_files/Usignolo_1141464.mp3
1141186,Usignolo,data/audio_files/Usignolo_1141186.mp3
1140289,Usignolo,data/audio_files/Usignolo_1140289.mp3
1140141,Usignolo,data/audio_files/Usignolo_1140141.mp3
1139979,Usignolo,data/audio_files/Usignolo_1139979.mp3
1139978,Usignolo,data/audio_files/Usignolo_1139978.mp3
1139975,Usignolo,data/audio_files/Usignolo_1139975.mp3
1139974,Usignolo,data/audio_files/Usignolo_1139974.mp3
1139831,Usignolo,data/audio_files/Usignolo_1139831.mp3
1139830,Usignolo,data/audio_files/Usignolo_1139830.mp3
1139829,Usignolo,data/audio_files/Usignolo_1139829.mp3
1139826,Usignolo,data/audio_files/Usignolo_1139826.mp3
1139822,Usignolo,data/audio_files/Usignolo_1139822.mp3
1139821,Usignolo,data/audio_files/Usignolo_1139821.mp3
1139585,Usignolo,data/audio_files/Usignolo_1139585.mp3
1139583,Usignolo,data/audio_files/Usignolo_1139583.mp3
1137774,Usignolo,data/audio_files/Usignolo_1137774.mp3
1137649,Usignolo,data/audio_files/Usignolo_1137649.mp3
1137394,Usignolo,data/audio_files/Usignolo_1137394.mp3
1137392,Usignolo,data/audio_files/Usignolo_1137392.mp3
1136058,Usignolo,data/audio_files/Usignolo_1136058.mp3
1135084,Usignolo,data/audio_files/Usignolo_1135084.mp3
1133889,Usignolo,data/audio_files/Usignolo_1133889.mp3
1133644,Usignolo,data/audio_files/Usignolo_1133644.mp3
1133642,Usignolo,data/audio_files/Usignolo_1133642.mp3
1177750,Scricciolo,data/audio_files/Scricciolo_1177750.mp3
1177748,Scricciolo,data/audio_files/Scricciolo_1177748.mp3
1177746,Scricciolo,data/audio_files/Scricciolo_1177746.mp3
1176508,Scricciolo,data/audio_files/Scricciolo_1176508.mp3
1161483,Scricciolo,data/audio_files/Scricciolo_1161483.mp3
1156514,Scricciolo,data/audio_files/Scricciolo_1156514.mp3
1153830,Scricciolo,data/audio_files/Scricciolo_1153830.mp3
1153829,Scricciolo,data/audio_files/Scricciolo_1153829.mp3
1153828,Scricciolo,data/audio_files/Scricciolo_1153828.mp3
1152953,Scricciolo,data/audio_files/Scricciolo_1152953.mp3
1152245,Scricciolo,data/audio_files/Scricciolo_1152245.mp3
1151741,Scricciolo,data/audio_files/Scricciolo_1151741.mp3
1151575,Scricciolo,data/audio_files/Scricciolo_1151575.mp3
1151392,Scricciolo,data/audio_files/Scricciolo_1151392.mp3
1151214,Scricciolo,data/audio_files/Scricciolo_1151214.mp3
1148716,Scricciolo,data/audio_files/Scricciolo_1148716.mp3
1148713,Scricciolo,data/audio_files/Scricciolo_1148713.mp3
1148625,Scricciolo,data/audio_files/Scricciolo_1148625.mp3
1145021,Scricciolo,data/audio_files/Scricciolo_1145021.mp3
1141670,Scricciolo,data/audio_files/Scricciolo_1141670.mp3
1139440,Scricciolo,data/audio_files/Scricciolo_1139440.mp3
1139439,Scricciolo,data/audio_files/Scricciolo_1139439.mp3
1139438,Scricciolo,data/audio_files/Scricciolo_1139438.mp3
1137637,Scricciolo,data/audio_files/Scricciolo_1137637.mp3
1137155,Scricciolo,data/audio_files/Scricciolo_1137155.mp3
1136158,Scricciolo,data/audio_files/Scricciolo_1136158.mp3
1105293,Scricciolo,data/audio_files/Scricciolo_1105293.mp3
1105051,Scricciolo,data/audio_files/Scricciolo_1105051.mp3
1105050,Scricciolo,data/audio_files/Scricciolo_1105050.mp3
1102705,Scricciolo,data/audio_files/Scricciolo_1102705.mp3
1102448,Scricciolo,data/audio_files/Scricciolo_1102448.mp3
1102270,Scricciolo,data/audio_files/Scricciolo_1102270.mp3
1101632,Scricciolo,data/audio_files/Scricciolo_1101632.mp3
1093569,Scricciolo,data/audio_files/Scricciolo_1093569.mp3
1089924,Scricciolo,data/audio_files/Scricciolo_1089924.mp3
1089182,Scricciolo,data/audio_files/Scricciolo_1089182.mp3
1088794,Scricciolo,data/audio_files/Scricciolo_1088794.mp3
1088760,Scricciolo,data/audio_files/Scricciolo_1088760.mp3
1088722,Scricciolo,data/audio_files/Scricciolo_1088722.mp3
1088721,Scricciolo,data/audio_files/Scricciolo_1088721.mp3
1088677,Scricciolo,data/audio_files/Scricciolo_1088677.mp3
1088676,Scricciolo,data/audio_files/Scricciolo_1088676.mp3
1086531,Scricciolo,data/audio_files/Scricciolo_1086531.mp3
1086436,Scricciolo,data/audio_files/Scricciolo_1086436.mp3
1083692,Scricciolo,data/audio_files/Scricciolo_1083692.mp3
1082625,Scricciolo,data/audio_files/Scricciolo_1082625.mp3
1082624,Scricciolo,data/audio_files/Scricciolo_1082624.mp3
1079264,Scricciolo,data/audio_files/Scricciolo_1079264.mp3
1079263,Scricciolo,data/audio_files/Scricciolo_1079263.mp3
1079260,Scricciolo,data/audio_files/Scricciolo_1079260.mp3
1178074,Allodola,data/audio_files/Allodola_1178074.mp3
1151851,Allodola,data/audio_files/Allodola_1151851.mp3
1151849,Allodola,data/audio_files/Allodola_1151849.mp3
1151848,Allodola,data/audio_files/Allodola_1151848.mp3
1151819,Allodola,data/audio_files/Allodola_1151819.mp3
1149898,Allodola,data/audio_files/Allodola_1149898.mp3
1145455,Allodola,data/audio_files/Allodola_1145455.mp3
1145175,Allodola,data/audio_files/Allodola_1145175.mp3
1142893,Allodola,data/audio_files/Allodola_1142893.mp3
1142500,Allodola,data/audio_files/Allodola_1142500.mp3
1138307,Allodola,data/audio_files/Allodola_1138307.mp3
1094212,Allodola,data/audio_files/Allodola_1094212.mp3
1091999,Allodola,data/audio_files/Allodola_1091999.mp3
1091835,Allodola,data/audio_files/Allodola_1091835.mp3
1067544,Allodola,data/audio_files/Allodola_1067544.mp3
1062867,Allodola,data/audio_files/Allodola_1062867.mp3
1040618,Allodola,data/audio_files/Allodola_1040618.mp3
1035141,Allodola,data/audio_files/Allodola_1035141.mp3
1033972,Allodola,data/audio_files/Allodola_1033972.mp3
1027864,Allodola,data/audio_files/Allodola_1027864.mp3
1027860,Allodola,data/audio_files/Allodola_1027860.mp3
1027706,Allodola,data/audio_files/Allodola_1027706.mp3
1027698,Allodola,data/audio_files/Allodola_1027698.mp3
1027666,Allodola,data/audio_files/Allodola_1027666.mp3
1017577,Allodola,data/audio_files/Allodola_1017577.mp3
1012426,Allodola,data/audio_files/Allodola_1012426.mp3
1012350,Allodola,data/audio_files/Allodola_1012350.mp3
1012349,Allodola,data/audio_files/Allodola_1012349.mp3
1011618,Allodola,data/audio_files/Allodola_1011618.mp3
1010665,Allodola,data/audio_files/Allodola_1010665.mp3
1008315,Allodola,data/audio_files/Allodola_1008315.mp3
1006937,Allodola,data/audio_files/Allodola_1006937.mp3
1002306,Allodola,data/audio_files/Allodola_1002306.mp3
1002303,Allodola,data/audio_files/Allodola_1002303.mp3
996436,Allodola,data/audio_files/Allodola_996436.mp3
990924,Allodola,data/audio_files/Allodola_990924.mp3
982881,Allodola,data/audio_files/Allodola_982881.mp3
974882,Allodola,data/audio_files/Allodola_974882.mp3
972708,Allodola,data/audio_files/Allodola_972708.mp3
971992,Allodola,data/audio_files/Allodola_971992.mp3
941838,Allodola,data/audio_files/Allodola_941838.mp3
941737,Allodola,data/audio_files/Allodola_941737.mp3
917689,Allodola,data/audio_files/Allodola_917689.mp3
915729,Allodola,data/audio_files/Allodola_915729.mp3
915727,Allodola,data/audio_files/Allodola_915727.mp3
911897,Allodola,data/audio_files/Allodola_911897.mp3
911894,Allodola,data/audio_files/Allodola_911894.mp3
904684,Allodola,data/audio_files/Allodola_904684.mp3
899716,Allodola,data/audio_files/Allodola_899716.mp3
896984,Allodola,data/audio_files/Allodola_896984.mp3
1146131,Storno,data/audio_files/Storno_1146131.mp3
1142838,Storno,data/audio_files/Storno_1142838.mp3
1136655,Storno,data/audio_files/Storno_1136655.mp3
1101346,Storno,data/audio_files/Storno_1101346.mp3
1101014,Storno,data/audio_files/Storno_1101014.mp3
1101011,Storno,data/audio_files/Storno_1101011.mp3
1101010,Storno,data/audio_files/Storno_1101010.mp3
1092797,Storno,data/audio_files/Storno_1092797.mp3
1092225,Storno,data/audio_files/Storno_1092225.mp3
1092215,Storno,data/audio_files/Storno_1092215.mp3
1092195,Storno,data/audio_files/Storno_1092195.mp3
1090680,Storno,data/audio_files/Storno_1090680.mp3
1087996,Storno,data/audio_files/Storno_1087996.mp3
1087374,Storno,data/audio_files/Storno_1087374.mp3
1079535,Storno,data/audio_files/Storno_1079535.mp3
1075384,Storno,data/audio_files/Storno_1075384.mp3
1075304,Storno,data/audio_files/Storno_1075304.mp3
1065863,Storno,data/audio_files/Storno_1065863.mp3
1052340,Storno,data/audio_files/Storno_1052340.mp3
1040845,Storno,data/audio_files/Storno_1040845.mp3
1026159,Storno,data/audio_files/Storno_1026159.mp3
1003433,Storno,data/audio_files/Storno_1003433.mp3
996283,Storno,data/audio_files/Storno_996283.mp3
996281,Storno,data/audio_files/Storno_996281.mp3
995266,Storno,data/audio_files/Storno_995266.mp3
995264,Storno,data/audio_files/Storno_995264.mp3
990167,Storno,data/audio_files/Storno_990167.mp3
981795,Storno,data/audio_files/Storno_981795.mp3
980213,Storno,data/audio_files/Storno_980213.mp3
980046,Storno,data/audio_files/Storno_980046.mp3
962697,Storno,data/audio_files/Storno_962697.mp3
946413,Storno,data/audio_files/Storno_946413.mp3
934628,Storno,data/audio_files/Storno_934628.mp3
933380,Storno,data/audio_files/Storno_933380.mp3
914383,Storno,data/audio_files/Storno_914383.mp3
904982,Storno,data/audio_files/Storno_904982.mp3
904980,Storno,data/audio_files/Storno_904980.mp3
904979,Storno,data/audio_files/Storno_904979.mp3
897192,Storno,data/audio_files/Storno_897192.mp3
893246,Storno,data/audio_files/Storno_893246.mp3
883087,Storno,data/audio_files/Storno_883087.mp3
860213,Storno,data/audio_files/Storno_860213.mp3
859421,Storno,data/audio_files/Storno_859421.mp3
858431,Storno,data/audio_files/Storno_858431.mp3
842637,Storno,data/audio_files/Storno_842637.mp3
841372,Storno,data/audio_files/Storno_841372.mp3
836746,Storno,data/audio_files/Storno_836746.mp3
836745,Storno,data/audio_files/Storno_836745.mp3
835255,Storno,data/audio_files/Storno_835255.mp3
822550,Storno,data/audio_files/Storno_822550.mp3
1176624,Passero domestico,data/audio_files/Passero_domestico_1176624.mp3
1176622,Passero domestico,data/audio_files/Passero_domestico_1176622.mp3
1176576,Passero domestico,data/audio_files/Passero_domestico_1176576.mp3
1176575,Passero domestico,data/audio_files/Passero_domestico_1176575.mp3
1176572,Passero domestico,data/audio_files/Passero_domestico_1176572.mp3
1176571,Passero domestico,data/audio_files/Passero_domestico_1176571.mp3
1176569,Passero domestico,data/audio_files/Passero_domestico_1176569.mp3
1176567,Passero domestico,data/audio_files/Passero_domestico_1176567.mp3
1176521,Passero domestico,data/audio_files/Passero_domestico_1176521.mp3
1176518,Passero domestico,data/audio_files/Passero_domestico_1176518.mp3
1176515,Passero domestico,data/audio_files/Passero_domestico_1176515.mp3
1176511,Passero domestico,data/audio_files/Passero_domestico_1176511.mp3
1176506,Passero domestico,data/audio_files/Passero_domestico_1176506.mp3
1176499,Passero domestico,data/audio_files/Passero_domestico_1176499.mp3
1175751,Passero domestico,data/audio_files/Passero_domestico_1175751.mp3
1167340,Passero domestico,data/audio_files/Passero_domestico_1167340.mp3
1157657,Passero domestico,data/audio_files/Passero_domestico_1157657.mp3
1156447,Passero domestico,data/audio_files/Passero_domestico_1156447.mp3
1156445,Passero domestico,data/audio_files/Passero_domestico_1156445.mp3
1152785,Passero domestico,data/audio_files/Passero_domestico_1152785.mp3
1152146,Passero domestico,data/audio_files/Passero_domestico_1152146.mp3
1152144,Passero domestico,data/audio_files/Passero_domestico_1152144.mp3
1151383,Passero domestico,data/audio_files/Passero_domestico_1151383.mp3
1151381,Passero domestico,data/audio_files/Passero_domestico_1151381.mp3
1151083,Passero domestico,data/audio_files/Passero_domestico_1151083.mp3
1145371,Passero domestico,data/audio_files/Passero_domestico_1145371.mp3
1145322,Passero domestico,data/audio_files/Passero_domestico_1145322.mp3
1145202,Passero domestico,data/audio_files/Passero_domestico_1145202.mp3
1138674,Passero domestico,data/audio_files/Passero_domestico_1138674.mp3
1136480,Passero domestico,data/audio_files/Passero_domestico_1136480.mp3
1136052,Passero domestico,data/audio_files/Passero_domestico_1136052.mp3
1104607,Passero domestico,data/audio_files/Passero_domestico_1104607.mp3
1103781,Passero domestico,data/audio_files/Passero_domestico_1103781.mp3
1096343,Passero domestico,data/audio_files/Passero_domestico_1096343.mp3
1092252,Passero domestico,data/audio_files/Passero_domestico_1092252.mp3
1092251,Passero domestico,data/audio_files/Passero_domestico_1092251.mp3
1092250,Passero domestico,data/audio_files/Passero_domestico_1092250.mp3
1089317,Passero domestico,data/audio_files/Passero_domestico_1089317.mp3
1088280,Passero domestico,data/audio_files/Passero_domestico_1088280.mp3
1088279,Passero domestico,data/audio_files/Passero_domestico_1088279.mp3
1086064,Passero domestico,data/audio_files/Passero_domestico_1086064.mp3
1085990,Passero domestico,data/audio_files/Passero_domestico_1085990.mp3
1085988,Passero domestico,data/audio_files/Passero_domestico_1085988.mp3
1085987,Passero domestico,data/audio_files/Passero_domestico_1085987.mp3
1082761,Passero domestico,data/audio_files/Passero_domestico_1082761.mp3
1082701,Passero domestico,data/audio_files/Passero_domestico_1082701.mp3
1082700,Passero domestico,data/audio_files/Passero_domestico_1082700.mp3
1079434,Passero domestico,data/audio_files/Passero_domestico_1079434.mp3
1079433,Passero domestico,data/audio_files/Passero_domestico_1079433.mp3
1077522,Passero domestico,data/audio_files/Passero_domestico_1077522.mp3
